study,task_index,task_id,row_idx,pid,mesh_n,n_steps,ratio,transient,Tf,H0,P0,Ux,Uy,dpdx,dpdy,Hdot,Pdot,Qx_re,Qy_re,P_re,dP,dQx,dQy,dP_over_Pre,dQx_over_Qxre,dQy_over_Qyre,wall_time_s
ahratio,0,7488,7488,28368,40,10,0.0,1,0.05,7.443516667275919e-07,2425738.1615623147,0.04959481690706843,0.0,-1523242915.781979,-1695785435.6711745,-2.046539365928914e-08,17545288.880666774,4.121676211912696e-08,4.844437454941313e-09,3303002.6055956534,189.15564756421372,4.542781058110592e-09,1.409804541557408e-09,5.726778636013276e-05,0.11021683471837976,0.29101511881826675,14.959219217300415
ahratio,0,7488,7488,28363,40,10,0.2111111111111111,1,0.05,7.443516667275919e-07,2425738.1615623147,0.04959481690706843,0.0,-1523242915.781979,-1695785435.6711745,-2.046539365928914e-08,17545288.880666774,4.121676211912696e-08,4.844437454941313e-09,3303002.6055956534,98.10831501148641,3.903728431153765e-09,1.3243839952334197e-09,2.970276646021412e-05,0.09471215666749838,0.27338241179738043,6.515944480895996
ahratio,0,7488,7488,28362,40,10,0.10555555555555556,1,0.05,7.443516667275919e-07,2425738.1615623147,0.04959481690706843,0.0,-1523242915.781979,-1695785435.6711745,-2.046539365928914e-08,17545288.880666774,4.121676211912696e-08,4.844437454941313e-09,3303002.6055956534,132.66899523092434,4.381824518749879e-09,1.3879911263522036e-09,4.016617940481437e-05,0.10631171138783994,0.2865123431279841,10.083627462387085
ahratio,0,7488,7488,28369,40,10,0.31666666666666665,1,0.05,7.443516667275919e-07,2425738.1615623147,0.04959481690706843,0.0,-1523242915.781979,-1695785435.6711745,-2.046539365928914e-08,17545288.880666774,4.121676211912696e-08,4.844437454941313e-09,3303002.6055956534,79.09881744673476,3.1221015751138534e-09,1.2242985566796555e-09,2.3947549212565735e-05,0.07574834641523231,0.2527225437560091,9.28387999534607
ahratio,0,7488,7488,28363,40,10,0.5277777777777778,1,0.05,7.443516667275919e-07,2425738.1615623147,0.04959481690706843,0.0,-1523242915.781979,-1695785435.6711745,-2.046539365928914e-08,17545288.880666774,4.121676211912696e-08,4.844437454941313e-09,3303002.6055956534,75.20815884321928,7.422228609259872e-10,9.503866478903935e-10,2.276963351945539e-05,0.018007791557735024,0.19618101311660072,6.534615755081177
ahratio,0,7488,7488,28368,40,10,0.4222222222222222,1,0.05,7.443516667275919e-07,2425738.1615623147,0.04959481690706843,0.0,-1523242915.781979,-1695785435.6711745,-2.046539365928914e-08,17545288.880666774,4.121676211912696e-08,4.844437454941313e-09,3303002.6055956534,72.01725863711908,2.0587183273800554e-09,1.0960829022724855e-09,2.180357306261698e-05,0.04994856998785674,0.22625597140375586,8.677416801452637
ahratio,0,7488,7488,28365,40,10,0.6333333333333333,1,0.05,7.443516667275919e-07,2425738.1615623147,0.04959481690706843,0.0,-1523242915.781979,-1695785435.6711745,-2.046539365928914e-08,17545288.880666774,4.121676211912696e-08,4.844437454941313e-09,3303002.6055956534,89.04571407381445,-7.935381947112871e-10,7.992020805927961e-10,2.6959020232972606e-05,-0.01925280283826661,0.16497314456554954,8.172268867492676
ahratio,0,7488,7488,28362,40,10,0.7388888888888889,1,0.05,7.443516667275919e-07,2425738.1615623147,0.04959481690706843,0.0,-1523242915.781979,-1695785435.6711745,-2.046539365928914e-08,17545288.880666774,4.121676211912696e-08,4.844437454941313e-09,3303002.6055956534,117.48236837238073,-2.511436730521959e-09,6.547196035100879e-10,3.55683547367939e-05,-0.06093241199450035,0.13514873699985033,9.943302392959595
ahratio,0,7488,7488,28363,40,10,0.95,1,0.05,7.443516667275919e-07,2425738.1615623147,0.04959481690706843,0.0,-1523242915.781979,-1695785435.6711745,-2.046539365928914e-08,17545288.880666774,4.121676211912696e-08,4.844437454941313e-09,3303002.6055956534,336.66966234892607,-6.340977885634005e-09,4.2746428724436315e-10,0.00010192836717069804,-0.15384463891916014,0.08823816825384972,6.926259517669678
ahratio,0,7488,7488,28369,40,10,0.8444444444444444,1,0.05,7.443516667275919e-07,2425738.1615623147,0.04959481690706843,0.0,-1523242915.781979,-1695785435.6711745,-2.046539365928914e-08,17545288.880666774,4.121676211912696e-08,4.844437454941313e-09,3303002.6055956534,175.24351017735898,-4.373113856870628e-09,5.280117989558932e-10,5.305581953840333e-05,-0.106100373538106,0.10899341850668803,8.28876781463623
ahratio,1,5075,5075,28368,40,10,0.10555555555555556,1,0.05,1.1279436265919205e-06,2592864.7777071455,0.04938853404485621,-1.1043592643970542e-19,-62348984.088506445,-1362667085.179093,-7.936244164604479e-08,14367386.253423663,5.6127015695202396e-08,1.3452338071883744e-08,3311234.0903783287,4.7711073234677315,3.163651662995901e-09,2.4615528112295117e-09,1.440884936927731e-06,0.056365934012527985,0.1829832701256829,6.761888027191162
ahratio,1,5075,5075,28365,40,10,0.2111111111111111,1,0.05,1.1279436265919205e-06,2592864.7777071455,0.04938853404485621,-1.1043592643970542e-19,-62348984.088506445,-1362667085.179093,-7.936244164604479e-08,14367386.253423663,5.6127015695202396e-08,1.3452338071883744e-08,3311234.0903783287,-2.432111243251711,2.501529796320605e-09,2.2894528415609225e-09,-7.345029607900139e-07,0.04456908612253956,0.17018995726445701,6.985594034194946
ahratio,1,5075,5075,28359,40,10,0.0,1,0.05,1.1279436265919205e-06,2592864.7777071455,0.04938853404485621,-1.1043592643970542e-19,-62348984.088506445,-1362667085.179093,-7.936244164604479e-08,14367386.253423663,5.6127015695202396e-08,1.3452338071883744e-08,3311234.0903783287,16.447551218792796,3.3860866027876905e-09,2.5206757479603065e-09,4.967196751986074e-06,0.06032899773570404,0.18737826350266068,9.997122049331665
ahratio,1,5075,5075,28363,40,10,0.4222222222222222,1,0.05,1.1279436265919205e-06,2592864.7777071455,0.04938853404485621,-1.1043592643970542e-19,-62348984.088506445,-1362667085.179093,-7.936244164604479e-08,14367386.253423663,5.6127015695202396e-08,1.3452338071883744e-08,3311234.0903783287,-8.353697220329195,-7.169627087458985e-11,1.676337606250484e-09,-2.522834989106655e-06,-0.0012773932479135583,0.12461310422714829,6.643061637878418
ahratio,1,5075,5075,28369,40,10,0.5277777777777778,1,0.05,1.1279436265919205e-06,2592864.7777071455,0.04938853404485621,-1.1043592643970542e-19,-62348984.088506445,-1362667085.179093,-7.936244164604479e-08,14367386.253423663,5.6127015695202396e-08,1.3452338071883744e-08,3311234.0903783287,-8.235804817639291,-1.925778589506346e-09,1.2897404288341797e-09,-2.4872312234192724e-06,-0.03431108113718858,0.0958748153623808,6.449894905090332
ahratio,1,5075,5075,28368,40,10,0.6333333333333333,1,0.05,1.1279436265919205e-06,2592864.7777071455,0.04938853404485621,-1.1043592643970542e-19,-62348984.088506445,-1362667085.179093,-7.936244164604479e-08,14367386.253423663,5.6127015695202396e-08,1.3452338071883744e-08,3311234.0903783287,-6.123172253835946,-4.108228290885771e-09,8.938543196524543e-10,-1.849211528604532e-06,-0.0731952027023046,0.06644601963436136,6.423760175704956
ahratio,1,5075,5075,28362,40,10,0.31666666666666665,1,0.05,1.1279436265919205e-06,2592864.7777071455,0.04938853404485621,-1.1043592643970542e-19,-62348984.088506445,-1362667085.179093,-7.936244164604479e-08,14367386.253423663,5.6127015695202396e-08,1.3452338071883744e-08,3311234.0903783287,-6.5436210804618895,1.4149219487081165e-09,2.0197154889209227e-09,-1.9761880017713398e-06,0.025209285246731203,0.15013862111763743,9.679860830307007
ahratio,1,5075,5075,28365,40,10,0.7388888888888889,1,0.05,1.1279436265919205e-06,2592864.7777071455,0.04938853404485621,-1.1043592643970542e-19,-62348984.088506445,-1362667085.179093,-7.936244164604479e-08,14367386.253423663,5.6127015695202396e-08,1.3452338071883744e-08,3311234.0903783287,-1.093627869617194,-6.575090403427598e-09,5.226549183308401e-10,-3.3027802920820987e-07,-0.11714662399179761,0.038852347862355814,8.122488975524902
ahratio,1,5075,5075,28363,40,10,0.95,1,0.05,1.1279436265919205e-06,2592864.7777071455,0.04938853404485621,-1.1043592643970542e-19,-62348984.088506445,-1362667085.179093,-7.936244164604479e-08,14367386.253423663,5.6127015695202396e-08,1.3452338071883744e-08,3311234.0903783287,56.79386166576296,-1.2171662334807133e-08,-3.425757954316657e-11,1.7151871512434785e-05,-0.21685924655081096,-0.0025465892516310694,7.3109376430511475
ahratio,1,5075,5075,28359,40,10,0.8444444444444444,1,0.05,1.1279436265919205e-06,2592864.7777071455,0.04938853404485621,-1.1043592643970542e-19,-62348984.088506445,-1362667085.179093,-7.936244164604479e-08,14367386.253423663,5.6127015695202396e-08,1.3452338071883744e-08,3311234.0903783287,10.823472953867167,-9.279234768313373e-09,2.0618643844590914e-10,3.268712709052388e-06,-0.1653256395940278,0.015327182333965583,10.755109310150146
ahratio,2,9426,9426,28368,40,10,0.10555555555555556,1,0.05,4.781674286332391e-07,4618204.329008208,0.04992452949351958,-1.3804490804963177e-20,-4585437095.5768385,-2546670180.9703703,1.2867335399923327e-08,19151998.997608516,2.7005150604665836e-08,1.7220996766549812e-09,5575804.2788886335,282.4297789288685,8.181781372420481e-09,1.4966115176303761e-09,5.0652742600420374e-05,0.3029711439938005,0.8690620745817716,14.356736421585083
ahratio,2,9426,9426,28362,40,10,0.2111111111111111,1,0.05,4.781674286332391e-07,4618204.329008208,0.04992452949351958,-1.3804490804963177e-20,-4585437095.5768385,-2546670180.9703703,1.2867335399923327e-08,19151998.997608516,2.7005150604665836e-08,1.7220996766549812e-09,5575804.2788886335,194.19163451623172,7.895256972454599e-09,1.4709408408078427e-09,3.482755577549395e-05,0.2923611531753683,0.8541554596102177,13.282566785812378
ahratio,2,9426,9426,28359,40,10,0.6333333333333333,1,0.05,4.781674286332391e-07,4618204.329008208,0.04992452949351958,-1.3804490804963177e-20,-4585437095.5768385,-2546670180.9703703,1.2867335399923327e-08,19151998.997608516,2.7005150604665836e-08,1.7220996766549812e-09,5575804.2788886335,245.96967841219157,5.04693627146165e-09,1.2458836675365257e-09,4.411375760506754e-05,0.18688791428512389,0.723467801792135,8.344360828399658
ahratio,2,9426,9426,28364,40,10,0.4222222222222222,1,0.05,4.781674286332391e-07,4618204.329008208,0.04992452949351958,-1.3804490804963177e-20,-4585437095.5768385,-2546670180.9703703,1.2867335399923327e-08,19151998.997608516,2.7005150604665836e-08,1.7220996766549812e-09,5575804.2788886335,151.9200464952737,6.7838677015119825e-09,1.37647016546489e-09,2.724630186007073e-05,0.2512064383873458,0.7992976156517001,9.047522068023682
ahratio,2,9426,9426,28363,40,10,0.5277777777777778,1,0.05,4.781674286332391e-07,4618204.329008208,0.04992452949351958,-1.3804490804963177e-20,-4585437095.5768385,-2546670180.9703703,1.2867335399923327e-08,19151998.997608516,2.7005150604665836e-08,1.7220996766549812e-09,5575804.2788886335,182.832882899791,5.985042388459425e-09,1.3137560512494764e-09,3.279040542940886e-05,0.22162595854678754,0.7628803774014554,9.500348567962646
ahratio,2,9426,9426,28369,40,10,0.0,1,0.05,4.781674286332391e-07,4618204.329008208,0.04992452949351958,-1.3804490804963177e-20,-4585437095.5768385,-2546670180.9703703,1.2867335399923327e-08,19151998.997608516,2.7005150604665836e-08,1.7220996766549812e-09,5575804.2788886335,435.0956493355334,8.278219040939164e-09,1.505368700294227e-09,7.803280523724846e-05,0.3065422282632591,0.8741472521603779,17.051297903060913
ahratio,2,9426,9426,28365,40,10,0.31666666666666665,1,0.05,4.781674286332391e-07,4618204.329008208,0.04992452949351958,-1.3804490804963177e-20,-4585437095.5768385,-2546670180.9703703,1.2867335399923327e-08,19151998.997608516,2.7005150604665836e-08,1.7220996766549812e-09,5575804.2788886335,153.98485278710723,7.425562637607653e-09,1.430013530409915e-09,2.7616617278000908e-05,0.274968384598629,0.8303895237862094,14.829094648361206
ahratio,2,9426,9426,28366,40,10,0.7388888888888889,1,0.05,4.781674286332391e-07,4618204.329008208,0.04992452949351958,-1.3804490804963177e-20,-4585437095.5768385,-2546670180.9703703,1.2867335399923327e-08,19151998.997608516,2.7005150604665836e-08,1.7220996766549812e-09,5575804.2788886335,346.52750584017485,3.989527309057596e-09,1.1771461155119553e-09,6.214843428995764e-05,0.14773208886931008,0.6835528346410542,9.81735897064209
ahratio,2,9426,9426,28368,40,10,0.8444444444444444,1,0.05,4.781674286332391e-07,4618204.329008208,0.04992452949351958,-1.3804490804963177e-20,-4585437095.5768385,-2546670180.9703703,1.2867335399923327e-08,19151998.997608516,2.7005150604665836e-08,1.7220996766549812e-09,5575804.2788886335,501.5042694248259,2.8339767496389646e-09,1.111787266068214e-09,8.994294712309835e-05,0.1049420827576989,0.6455998343996892,7.415303468704224
ahratio,2,9426,9426,28362,40,10,0.95,1,0.05,4.781674286332391e-07,4618204.329008208,0.04992452949351958,-1.3804490804963177e-20,-4585437095.5768385,-2546670180.9703703,1.2867335399923327e-08,19151998.997608516,2.7005150604665836e-08,1.7220996766549812e-09,5575804.2788886335,761.5202426761389,1.6017068973988421e-09,1.053640275470974e-09,0.00013657585607146252,0.059311163297941616,0.6118346630884761,9.123511791229248
ahratio,3,4691,4691,28363,40,10,0.2111111111111111,1,0.05,2.100474915634826e-06,-4.982038469938676,0.048625215402397386,0.0,-2456.3279962230113,497.2777140016805,-4.668016598311965e-07,913501.7012965053,1.0100131163482606e-07,-3.7043401672436464e-14,45670.103026355326,-13.309817763343744,-1.6628653220907167e-09,-5.650056264404286e-14,-0.0002914339333910175,-0.01646379928315057,1.5252530840353204,9.614141702651978
ahratio,3,4691,4691,28369,40,10,0.31666666666666665,1,0.05,2.100474915634826e-06,-4.982038469938676,0.048625215402397386,0.0,-2456.3279962230113,497.2777140016805,-4.668016598311965e-07,913501.7012965053,1.0100131163482606e-07,-3.7043401672436464e-14,45670.103026355326,-10.633514715220372,-3.756520546674354e-09,-2.985898167875251e-13,-0.00023283316678931023,-0.037192789735802555,8.060539888530325,9.159034967422485
ahratio,3,4691,4691,28366,40,10,0.6333333333333333,1,0.05,2.100474915634826e-06,-4.982038469938676,0.048625215402397386,0.0,-2456.3279962230113,497.2777140016805,-4.668016598311965e-07,913501.7012965053,1.0100131163482606e-07,-3.7043401672436464e-14,45670.103026355326,-5.847229023034743,-1.4336375006445643e-08,-4.87446121291344e-12,-0.0001280318772142997,-0.1419424636610595,131.58784001579602,6.800065040588379
ahratio,3,4691,4691,28359,40,10,0.0,1,0.05,2.100474915634826e-06,-4.982038469938676,0.048625215402397386,0.0,-2456.3279962230113,497.2777140016805,-4.668016598311965e-07,913501.7012965053,1.0100131163482606e-07,-3.7043401672436464e-14,45670.103026355326,-22.46026409015758,4.4384830912878194e-11,-4.889730405405417e-17,-0.0004917935936600843,0.00043944806452962887,0.001320000373789593,12.034927368164062
ahratio,3,4691,4691,28367,40,10,0.4222222222222222,1,0.05,2.100474915634826e-06,-4.982038469938676,0.048625215402397386,0.0,-2456.3279962230113,497.2777140016805,-4.668016598311965e-07,913501.7012965053,1.0100131163482606e-07,-3.7043401672436464e-14,45670.103026355326,-8.645596846916305,-6.614453424651244e-09,-9.512611283529942e-13,-0.0001893053939888662,-0.06548878739878193,25.679637544216565,10.527373790740967
